id,x,y,r
0,0.09076163,0.40381803,0.090761620923837
1,0.07310993,0.92689178,0.07310821268917801
2,0.08745017,0.22570576,0.087381421261857
3,0.24855246,0.30880277,0.093428060657193
4,0.4079865,0.06300614,0.063006133699386
5,0.47646318,0.90136179,0.09863820013617901
6,0.89604966,0.10309934,0.10309932969006601
7,0.9066386,0.68096117,0.09336139066386
8,0.08962002,0.76509474,0.0895289910471
9,0.06973669,0.06965159,0.06965158303484101
10,0.40979823,0.21756451,0.09156283084371601
11,0.25742466,0.88393887,0.11606111839388701
12,0.09064689,0.58506214,0.090482500951749
13,0.90294698,0.30231577,0.09623644037635501
14,0.57265603,0.10585396,0.105853949414604
15,0.74007588,0.40129314,0.09435083056491601
16,0.57539962,0.71183255,0.115160168483982
17,0.7367635,0.21592191,0.09104997089500201
18,0.41096972,0.40263617,0.093512520648747
19,0.88664452,0.88667032,0.113317128668286
20,0.57582722,0.49961748,0.09705531029446801
21,0.24962585,0.49417195,0.09194421080557799
22,0.90546338,0.49309632,0.094507120549287
23,0.67381348,0.90149423,0.09850576014942301
24,0.24310147,0.1077195,0.10771948922805
25,0.40815297,0.5886157,0.09248833075116601
26,0.24737889,0.6771266,0.090994980900501
27,0.75801377,0.7532924,0.07192969280703
28,0.73526642,0.06243992,0.062439303756069
29,0.57415412,0.30715219,0.095403150459684
30,0.39239379,0.75259664,0.07223814277618501
31,0.7439361,0.58879735,0.093166630683336
