id,x,y
0,0.0,0.0
1,0.015041889918344067,-25.459258655235985
2,49.58640989958768,-83861.35268014419
3,15.976552824264695,-27019.80452220448
4,34.246783073323144,-57918.71902748537
5,-11.440829854727422,19348.912299876105
6,-11.304112524507147,19117.68545676187
7,13.520414743004627,-22865.967542322633
8,35.37849638115776,-59832.709101903085
9,47.77450138854377,-80797.03041196484
10,31.097227349567486,-52592.14896950432
11,18.134436915146644,-30669.259574790973
12,3.320242940467248,-5615.26036805228
