id,x,y,z
0,0.707107,0.000000,0.707107
1,0.572061,0.415627,0.707107
2,0.218508,0.672499,0.707107
3,-0.218508,0.672499,0.707107
4,-0.572061,0.415627,0.707107
5,-0.707107,0.000000,0.707107
6,-0.572061,-0.415627,0.707107
7,-0.218508,-0.672499,0.707107
8,0.218508,-0.672499,0.707107
9,0.572061,-0.415627,0.707107
10,1.000000,0.000000,0.000000
11,0.809017,0.587785,0.000000
12,0.309017,0.951057,0.000000
13,-0.309017,0.951057,0.000000
14,-0.809017,0.587785,0.000000
15,-1.000000,0.000000,0.000000
16,-0.809017,-0.587785,0.000000
17,-0.309017,-0.951057,0.000000
18,0.309017,-0.951057,0.000000
19,0.809017,-0.587785,0.000000
20,0.707107,0.000000,-0.707107
21,0.572061,0.415627,-0.707107
22,0.218508,0.672499,-0.707107
23,-0.218508,0.672499,-0.707107
24,-0.572061,0.415627,-0.707107
25,-0.707107,0.000000,-0.707107
26,-0.572061,-0.415627,-0.707107
27,-0.218508,-0.672499,-0.707107
28,0.218508,-0.672499,-0.707107
29,0.572061,-0.415627,-0.707107
