id,value,w1,w2,w3,w4,w5,w6,w7,w8,w9,w10
0,992,396,422,468,909,865,543,660,714,307,759
1,612,63,396,664,239,626,987,663,386,464,791
2,582,43,538,408,481,614,922,612,736,870,73
3,610,279,638,316,430,517,942,454,712,471,398
4,495,807,984,330,589,314,777,55,112,580,158
5,573,710,463,149,928,708,498,4,617,279,218
6,608,482,536,111,277,425,879,397,957,712,662
7,873,339,582,285,68,765,247,681,327,347,687
8,636,659,612,938,386,732,159,670,660,396,35
9,620,810,379,687,498,542,953,7,27,430,448
10,560,542,386,699,238,182,317,439,376,850,954
11,983,945,769,114,436,150,746,871,253,832,454
12,760,467,427,753,237,99,233,969,566,602,603
13,935,651,358,384,834,188,351,855,715,938,191
14,693,290,972,409,271,743,123,869,974,208,388
15,751,63,340,506,124,61,882,233,597,708,271
16,582,68,854,721,555,485,460,756,113,517,863
17,438,30,367,408,448,479,776,637,561,58,227
18,499,468,1,873,181,934,605,237,38,956,499
19,692,599,543,421,991,331,544,53,971,376,18
20,570,712,306,273,874,439,385,21,646,738,160
21,773,246,954,10,645,469,755,969,877,230,17
22,473,642,206,531,717,151,745,325,230,471,150
23,634,132,959,457,146,755,798,559,435,622,939
24,980,452,641,692,722,493,875,930,340,992,469
25,935,722,931,15,816,921,295,192,854,116,954
26,905,461,806,525,235,375,115,447,636,395,866
27,910,765,247,58,340,620,11,869,93,941,427
28,902,56,835,685,244,276,926,152,146,949,649
29,718,452,763,173,734,273,553,914,17,894,576
30,837,303,795,217,674,648,826,196,748,448,734
31,939,100,518,627,355,63,464,784,883,580,344
32,847,625,297,591,852,992,584,436,600,102,789
33,911,303,36,117,661,618,183,268,691,773,713
34,789,843,536,608,175,129,839,786,380,131,280
35,733,998,143,295,958,488,76,900,881,208,300
36,977,145,190,966,870,620,553,850,569,193,464
37,629,806,388,31,439,83,218,138,549,907,982
38,947,104,809,482,972,727,217,173,72,750,557
39,719,81,267,118,374,52,131,390,297,741,296
40,804,921,435,916,866,45,626,775,633,563,648
41,587,652,659,278,319,835,5,74,314,220,418
42,919,453,736,169,869,735,434,574,471,898,939
43,627,622,430,88,547,191,255,800,1000,878,319
44,816,915,673,749,918,853,519,814,278,161,568
45,849,751,45,435,68,843,519,401,762,82,75
46,565,116,350,992,332,511,735,103,986,373,143
47,957,475,739,403,912,50,860,807,557,317,451
48,762,139,158,570,144,176,715,20,384,591,855
49,917,740,142,826,720,588,867,623,331,571,59
50,936,207,141,286,813,511,906,666,688,571,373
51,1006,768,129,685,791,407,509,583,483,817,448
52,888,199,875,831,880,456,448,613,231,913,908
53,768,505,992,503,752,31,82,785,180,43,195
54,774,76,584,578,321,787,791,252,283,653,347
55,770,541,547,1,818,340,440,522,475,98,137
56,796,794,11,395,79,441,932,267,537,509,188
57,774,549,77,198,290,159,653,426,530,129,612
58,698,879,823,230,35,541,192,349,887,916,693
59,910,616,696,737,462,993,690,397,899,646,590
60,675,148,44,818,850,892,2,618,713,125,751
61,808,959,398,789,256,926,468,393,446,867,389
62,791,435,68,188,813,724,769,316,608,572,414
63,864,391,599,39,480,378,290,95,884,881,627
64,809,270,307,628,853,332,877,444,350,925,829
65,963,905,703,483,998,673,645,177,53,256,259
66,707,864,7,601,439,647,651,925,793,770,219
67,1057,239,944,555,524,427,670,624,966,158,551
68,814,881,657,235,872,66,589,469,337,65,908
69,649,891,41,133,476,261,238,474,21,401,924
70,499,691,130,435,748,647,393,26,116,123,631
71,558,443,938,43,154,294,889,998,11,569,841
72,799,413,648,871,417,657,103,806,996,756,326
73,940,439,669,948,300,503,802,339,864,446,946
74,682,1000,91,364,197,504,524,114,677,897,310
75,950,36,857,118,975,373,63,159,998,952,498
76,920,256,603,889,631,393,518,122,658,112,573
77,797,64,57,560,691,229,147,164,571,482,232
78,925,152,925,828,642,630,607,891,724,351,643
79,930,387,235,239,796,921,781,901,451,940,355
80,676,948,216,802,226,92,452,394,203,64,902
81,674,672,468,858,376,109,787,172,427,382,174
82,427,515,117,335,221,567,161,369,190,679,104
83,843,999,535,979,57,167,996,612,251,419,109
84,922,247,791,785,76,226,679,192,916,847,894
85,675,390,145,476,238,241,938,880,12,63,908
86,759,541,237,732,380,149,590,388,275,992,768
87,898,47,501,217,416,869,359,4,110,795,914
88,712,729,255,343,256,28,915,494,104,735,991
89,808,877,246,274,496,951,991,974,977,207,296
90,479,584,147,417,897,296,293,931,318,80,542
91,762,262,370,611,449,184,569,871,87,423,927
92,757,904,605,458,916,266,267,365,985,377,152
93,786,75,353,917,33,281,119,477,546,931,320
94,871,29,807,335,372,268,215,579,294,395,428
95,722,857,84,737,569,130,296,218,453,993,318
96,980,963,628,715,471,934,623,980,828,887,288
97,627,966,271,675,610,210,366,69,544,922,654
98,479,9,455,801,284,208,365,22,551,377,835
99,562,946,176,360,977,206,279,412,751,931,389
100,716,1000,395,305,123,573,813,687,696,699,145
101,910,206,236,312,992,708,400,846,602,488,950
102,764,953,634,419,855,90,30,499,960,505,573
103,1133,994,733,508,823,892,511,304,29,941,672
104,876,886,193,882,265,849,743,811,780,54,469
105,417,2,394,178,586,969,22,929,38,469,217
106,832,270,478,637,663,58,618,25,114,168,380
107,518,209,169,291,383,531,979,130,887,198,63
108,511,961,969,653,399,471,176,90,59,367,865
109,494,84,538,7,958,104,746,640,286,202,119
110,1049,126,721,972,88,669,826,963,45,983,776
111,1097,574,932,806,600,553,645,3,982,747,919
112,614,177,157,175,427,249,278,411,809,633,436
113,489,363,483,360,310,283,409,902,304,708,758
114,606,401,674,45,923,703,235,634,786,207,643
115,790,44,760,253,78,443,804,228,652,368,642
116,839,698,356,969,788,211,150,119,235,435,533
117,839,693,461,842,701,730,548,62,203,264,365
118,676,126,118,161,765,669,503,686,624,838,917
119,576,138,165,745,835,45,66,148,997,746,830
120,581,442,956,391,853,350,234,283,136,23,615
121,676,825,532,817,197,697,716,444,323,301,535
122,912,848,426,502,533,775,922,610,632,231,654
123,579,456,871,73,21,601,87,858,506,376,526
124,594,804,718,439,184,383,267,561,721,626,246
125,715,621,462,475,515,882,552,22,35,320,208
126,866,413,467,51,479,529,69,666,287,819,703
127,727,275,902,321,773,888,152,834,313,853,874
128,908,663,571,77,932,549,839,125,490,269,855
129,606,997,603,332,465,523,329,961,5,730,577
130,1063,928,702,449,275,899,701,125,327,985,855
131,734,679,545,118,581,849,485,351,670,590,391
132,936,429,770,977,54,380,744,520,133,384,353
133,747,22,327,303,929,918,615,731,547,929,571
134,665,963,929,395,789,318,920,650,492,158,934
135,552,679,505,882,366,388,101,868,871,275,22
136,688,724,295,581,225,532,443,855,147,241,685
137,1066,518,969,944,858,770,267,236,730,297,101
138,561,791,398,164,642,173,997,636,71,309,12
139,793,927,143,71,316,414,538,899,490,912,582
140,604,55,883,455,222,464,331,88,346,159,54
141,1021,571,472,906,581,260,900,44,276,873,958
142,930,198,467,458,343,949,880,486,284,5,671
143,553,115,813,278,107,970,564,289,120,977,425
144,539,906,85,76,497,832,777,465,876,162,328
145,486,765,474,987,260,461,294,155,26,413,450
146,392,383,179,638,146,957,8,109,420,597,30
147,484,343,909,69,22,756,534,288,638,72,486
148,791,175,540,919,857,662,292,225,165,358,835
149,822,397,597,161,895,322,742,250,203,423,844
150,694,583,418,312,365,675,985,536,690,136,929
151,739,142,300,218,76,180,26,859,55,517,556
152,744,52,673,643,133,904,504,91,555,588,541
153,734,394,417,971,758,839,158,476,536,172,311
154,886,223,627,421,982,628,904,624,702,153,516
155,898,943,988,818,313,108,878,462,115,297,202
156,518,649,174,222,911,938,600,7,355,111,784
157,779,760,92,264,677,697,889,532,859,528,429
158,612,739,745,704,119,273,170,767,851,109,495
159,872,259,397,615,277,595,179,845,374,235,167
160,586,338,266,722,746,561,211,279,384,982,120
161,1093,623,947,824,67,789,669,293,650,449,859
162,726,244,591,914,222,18,700,178,800,906,95
163,657,759,713,5,943,373,369,137,265,119,92
164,857,953,280,986,379,512,728,313,418,727,138
165,666,876,737,491,457,883,332,28,336,748,371
166,1059,617,720,993,365,187,792,974,153,475,971
167,669,977,153,524,727,632,413,402,856,595,3
168,557,248,618,617,473,322,537,785,79,502,558
169,701,274,522,485,867,90,824,150,214,514,392
170,770,66,445,481,679,602,724,868,3,593,86
171,885,588,658,155,734,463,541,256,208,151,118
172,764,577,816,42,307,460,881,348,589,199,35
173,724,247,148,263,960,683,265,169,292,88,815
174,762,280,291,757,399,988,426,140,866,441,551
175,690,396,48,128,134,501,529,856,791,406,799
176,653,382,312,134,782,960,276,660,899,146,964
177,533,174,954,893,33,645,457,307,657,241,578
178,878,422,713,627,976,346,679,498,899,960,322
179,514,561,510,522,705,312,514,255,112,393,275
180,890,319,61,569,331,841,899,207,962,615,934
181,547,823,279,873,99,179,426,12,219,579,235
182,944,720,425,307,923,319,501,75,992,190,644
183,885,460,778,955,99,659,511,423,469,54,413
184,907,543,712,60,186,889,548,158,175,582,991
185,737,464,372,74,620,535,101,973,656,532,994
186,792,469,662,774,756,245,846,574,567,677,401
187,1115,618,852,150,806,722,908,396,596,435,804
188,904,254,591,673,257,716,996,438,366,88,646
189,1081,842,219,731,344,797,553,622,417,779,735
190,546,518,200,174,524,933,991,51,569,353,301
191,616,267,720,132,761,963,41,845,117,221,948
192,547,53,280,904,91,523,404,320,453,643,188
193,943,116,776,853,297,600,284,841,233,31,559
194,668,556,511,618,797,299,185,717,211,356,388
195,707,657,608,38,552,177,275,235,728,727,525
196,748,139,475,468,248,776,236,881,758,816,398
197,926,800,498,372,359,325,605,743,833,696,238
198,784,403,182,358,415,147,238,710,166,904,339
199,530,672,523,714,114,239,309,307,265,459,606
200,747,177,570,957,240,700,106,233,154,956,415
201,1145,511,101,75,973,529,974,821,761,887,873
202,797,113,227,483,717,839,951,767,999,340,35
203,761,586,556,149,708,575,820,67,161,585,768
204,705,655,834,931,840,634,616,340,837,56,368
205,902,630,692,431,951,691,34,454,78,470,825
206,795,948,184,84,30,363,288,44,766,211,577
207,615,177,378,445,993,776,181,23,955,419,386
208,835,557,894,767,984,617,313,955,430,249,935
209,785,301,121,491,277,481,834,232,870,583,158
210,926,990,978,884,437,398,696,401,967,919,126
211,750,745,123,780,590,777,335,433,323,884,975
212,659,858,304,258,234,868,122,464,322,687,24
213,1000,483,541,65,209,651,503,798,844,965,193
214,712,473,132,544,896,113,74,879,459,897,535
215,525,794,887,196,359,400,513,890,151,68,297
216,846,372,815,618,459,138,704,275,638,790,862
217,463,563,558,796,224,58,247,104,491,437,479
218,659,786,604,521,536,692,373,420,899,541,900
219,642,833,781,141,396,217,105,674,667,725,140
220,801,756,712,359,198,516,773,758,905,134,303
221,540,252,587,973,634,447,40,789,29,563,182
222,784,856,96,781,477,229,171,126,273,766,713
223,932,57,744,607,169,312,585,345,517,962,850
224,743,807,388,970,197,922,594,219,931,731,907
225,865,92,16,780,33,891,453,108,577,539,186
226,602,906,873,650,375,528,300,638,39,831,350
227,571,68,960,72,848,189,42,251,133,308,522
228,968,571,268,728,559,996,331,441,336,828,923
229,866,322,410,858,948,530,564,229,894,94,669
230,877,937,356,74,860,773,320,844,308,558,862
231,898,157,577,420,534,969,838,974,946,500,240
232,645,400,303,585,192,850,206,153,610,355,26
233,486,45,442,944,536,262,147,666,787,65,480
234,450,154,671,892,636,53,311,438,618,6,610
235,870,769,939,431,424,332,399,499,740,416,123
236,969,898,591,204,747,946,153,403,114,777,204
237,594,968,770,713,331,796,6,988,66,908,196
238,641,370,146,401,494,474,689,600,209,827,612
239,641,984,430,772,491,269,272,798,374,702,337
240,524,248,631,711,632,260,166,558,684,840,272
241,592,739,329,928,176,729,585,64,175,176,430
242,740,999,625,641,257,849,596,242,73,308,67
243,681,471,107,851,254,270,855,662,399,250,514
244,1066,766,782,256,102,807,936,796,149,909,727
245,912,688,486,938,114,891,789,166,660,917,750
246,775,138,467,329,827,160,504,804,178,511,777
247,759,690,259,405,577,165,63,690,813,879,823
248,544,859,240,539,223,650,746,18,942,467,330
249,714,562,285,1,921,23,757,765,226,358,46
